{"_id":{"$oid":"5e605195dc6f09247b0737e9"},"facilitator":"Dano Colombo","__v":0,"attendance":35,"cafeCoordinator":"Dano Colombo","donations":0,"meal":"Pork Chops, rice & cabbage","mealCoordinator":"Joni Colombo","mealCount":20,"meetingDate":{"$date":"2020-01-20T00:00:00Z"},"meetingType":"Lesson","title":" 2. Powerless","worship":"videos","supportRole":"Aleatha Thrush","children":0,"newcomers":0,"nursery":0,"youth":0}
{"_id":{"$oid":"5e4dacb7ce415ffff8e37d1a"},"facilitator":"Dano Colombo","__v":0,"attendance":44,"worship":"Videos","donations":0,"mealCount":25,"meetingDate":{"$date":"2020-03-02T00:00:00Z"},"meetingType":"Lesson","title":"5. Turn","supportRole":"Lenora Uhls","cafeCoordinator":"Joni Colombo","meal":"hamburgers & hotdogs","mealCoordinator":"Joni Colombo","notes":"Chip night. Aleatha was sick, Lenora covered her teaching assignment.","children":0,"newcomers":0,"nursery":0,"youth":0}
{"_id":{"$oid":"5e605736dc6f09247b0814a0"},"facilitator":"Dano Colombo","__v":0,"attendance":38,"cafeCoordinator":"Dano Colombo","donations":0,"meal":"7 pizzas","mealCoordinator":"Dano Colombo","mealCount":28,"meetingDate":{"$date":"2019-11-11T00:00:00Z"},"meetingType":"Other","notes":"19 from Dway. Perfect amount of pizza","title":" Unknown","worship":"videos","children":0,"newcomers":0,"nursery":0,"youth":0}
{"_id":{"$oid":"5e605320dc6f09247b0771dc"},"facilitator":"Dano Colombo","__v":0,"attendance":14,"cafeCoordinator":"Dano Colombo","donations":0,"meal":"3 pizzas","mealCoordinator":"Dano Colombo","mealCount":11,"meetingDate":{"$date":"2020-01-06T00:00:00Z"},"meetingType":"Lesson","notes":"No DWay, 2 kids.","supportRole":"Rob Diquattro","title":" 1. Denial","worship":"videos","children":0,"newcomers":0,"nursery":0,"youth":0}
{"_id":{"$oid":"5ea17b8feb28120342401a37"},"facilitator":"Dano Colombo","__v":0,"attendance":0,"cafeCoordinator":"Dano Colombo","children":0,"donations":0,"mealCoordinator":"TBD","mealCount":0,"meetingDate":{"$date":"2020-05-04T00:00:00Z"},"meetingType":"Special","newcomers":0,"notes":"","nursery":0,"supportRole":"","title":" WELCOME BACK FAMILY!!","worship":"videos","youth":0}
{"_id":{"$oid":"5e526caece415ffff8f0f097"},"facilitator":"Dano Colombo","__v":0,"attendance":30,"donations":0,"mealCount":25,"meetingDate":{"$date":"2020-02-17T00:00:00Z"},"meetingType":"Lesson","teacher":null,"title":" 4. Sanity","cafeCoordinator":"Dano Colombo","meal":"Chicken & Rice","mealCoordinator":"Joni Colombo","supportRole":"Lenora Uhls","worship":"videos","children":0,"newcomers":0,"nursery":0,"youth":0}
{"_id":{"$oid":"5e6053e4dc6f09247b079168"},"facilitator":"Dano Colombo","__v":0,"attendance":26,"cafeCoordinator":"Dano Colombo","donations":0,"meal":"6 pizzas","mealCoordinator":"Dano Colombo","mealCount":20,"meetingDate":{"$date":"2019-12-23T00:00:00Z"},"meetingType":"Lesson","notes":"We served communion.","supportRole":"Lenora Uhls","title":" 25. 7 habits of human heart","worship":"videos","children":0,"newcomers":0,"nursery":0,"youth":0}
{"_id":{"$oid":"5e6aed21dc6f09247b12b963"},"facilitator":"Dano Colombo","__v":0,"attendance":0,"cafeCoordinator":"TBD","children":0,"donations":0,"mealCoordinator":"TBD","mealCount":0,"meetingDate":{"$date":"2020-05-10T00:00:00Z"},"meetingType":"Lesson","newcomers":0,"notes":"","nursery":0,"supportRole":"Lenora Uhls","title":" 10. Spiritual Inventory 1","youth":0}
{"_id":{"$oid":"5e4da4bcce415ffff8e15949"},"facilitator":"Dano Colombo","supportRole":"Video: Bonnie","__v":0,"attendance":0,"worship":"Videos","donations":0,"mealCount":0,"meetingDate":{"$date":"2020-02-24T00:00:00Z"},"meetingType":"Testimony","title":"Video: Bonnie","cafeCoordinator":"Dano Colombo","mealCoordinator":"Joni Colombo","children":0,"newcomers":0,"nursery":0,"youth":0}
{"_id":{"$oid":"5e67f479dc6f09247b594c3a"},"facilitator":"Dano Colombo","__v":0,"attendance":8,"cafeCoordinator":"TBD","children":0,"donations":0,"mealCoordinator":"TBD","mealCount":0,"meetingDate":{"$date":"2020-03-30T00:00:00Z"},"meetingType":"Special","newcomers":0,"nursery":0,"supportRole":"","title":" Facebook Live","worship":"NA","youth":0,"notes":"This week we did Facebook Live rather than Zoom. Not sure if that increased participation or not. Sad that it is only one way."}
{"_id":{"$oid":"5e6aeedbdc6f09247b1330b2"},"facilitator":"Dano Colombo","__v":0,"attendance":0,"cafeCoordinator":"TBD","children":0,"donations":0,"mealCoordinator":"TBD","mealCount":0,"meetingDate":{"$date":"2020-07-06T00:00:00Z"},"meetingType":"Lesson","newcomers":0,"notes":"","nursery":0,"supportRole":"Aleatha Thrush","title":" 15. Victory","youth":0}
{"_id":{"$oid":"5e6aed74dc6f09247b12cf76"},"facilitator":"Dano Colombo","__v":0,"attendance":0,"cafeCoordinator":"TBD","children":0,"donations":0,"mealCoordinator":"TBD","mealCount":0,"meetingDate":{"$date":"2020-05-11T00:00:00Z"},"meetingType":"Lesson","newcomers":0,"notes":"","nursery":0,"supportRole":"Rob Diquattro","title":"  11. Spiritual Inventory 2","youth":0}
{"_id":{"$oid":"5e6050d4dc6f09247b071967"},"facilitator":"Dano Colombo","__v":0,"attendance":44,"cafeCoordinator":"Joni Colombo","donations":0,"meal":"Taco bar & pasta","mealCoordinator":"Joni Colombo","mealCount":30,"meetingDate":{"$date":"2020-01-27T00:00:00Z"},"meetingType":"Testimony","notes":"2 men's groups","title":" Tommy Jackson","worship":"videos","children":0,"newcomers":0,"nursery":0,"youth":0}
{"_id":{"$oid":"5e605604dc6f09247b07e653"},"facilitator":"Dano Colombo","__v":0,"attendance":37,"cafeCoordinator":"Dano Colombo","donations":0.01,"meal":"Chicken strips","mealCoordinator":"Joni Colombo","mealCount":20,"meetingDate":{"$date":"2019-12-09T00:00:00Z"},"meetingType":"Testimony","notes":" ","title":" ??","worship":"videos","children":1,"newcomers":1,"nursery":1,"youth":1}
{"_id":{"$oid":"5e6aebd7dc6f09247b125acc"},"facilitator":"Dano Colombo","__v":0,"attendance":0,"cafeCoordinator":"TBD","children":0,"donations":0,"mealCoordinator":"TBD","mealCount":0,"meetingDate":{"$date":"2020-05-09T00:00:00Z"},"meetingType":"Lesson","newcomers":0,"notes":"","nursery":0,"supportRole":"Aleatha Thrush","title":" 9. Inventory","youth":0}
{"_id":{"$oid":"5e605261dc6f09247b075593"},"facilitator":"Dano Colombo","__v":0,"attendance":34,"cafeCoordinator":"Dano Colombo","donations":0,"meal":"Chicken Pot Pie & Brocolli","mealCoordinator":"Joni Colombo","mealCount":25,"meetingDate":{"$date":"2020-01-13T00:00:00Z"},"meetingType":"Testimony","notes":"Dave and Lenora sick","title":" Jamie Brown","worship":"videos","children":0,"newcomers":0,"nursery":0,"youth":0}
{"_id":{"$oid":"5e60503adc6f09247b070322"},"facilitator":"Dano Colombo","__v":0,"attendance":46,"cafeCoordinator":"Dano Colombo","donations":0,"meal":"French Toast, smoked chicken & beans","mealCoordinator":"Joni Colombo","mealCount":26,"meetingDate":{"$date":"2020-02-03T00:00:00Z"},"meetingType":"Lesson","notes":"6 kids, CHIP NIGHT!!","supportRole":"Rob Diquattro","title":" 3. Hope","worship":"videos","children":0,"newcomers":0,"nursery":0,"youth":0}
{"_id":{"$oid":"5e6aee1bdc6f09247b12fb3b"},"facilitator":"Dano Colombo","__v":0,"attendance":0,"cafeCoordinator":"TBD","children":0,"donations":0,"mealCoordinator":"TBD","mealCount":0,"meetingDate":{"$date":"2020-06-08T00:00:00Z"},"meetingType":"Lesson","newcomers":0,"notes":"","nursery":0,"supportRole":"Lenora Uhls","title":" 13. Admin","youth":0}
{"_id":{"$oid":"5e6aee88dc6f09247b131b47"},"facilitator":"Dano Colombo","__v":0,"attendance":0,"cafeCoordinator":"TBD","children":0,"donations":0,"mealCoordinator":"TBD","mealCount":0,"meetingDate":{"$date":"2020-06-22T00:00:00Z"},"meetingType":"Lesson","newcomers":0,"notes":"","nursery":0,"supportRole":"Rob Diquattro","title":" 14. Ready","youth":0}
{"_id":{"$oid":"5e4dae25ce415ffff8e3d3c2"},"facilitator":"Dano Colombo","__v":0,"attendance":44,"donations":0,"meal":"tbd","mealCount":0,"meetingDate":{"$date":"2020-03-09T00:00:00Z"},"meetingType":"Lesson","supportRole":"Lenora Uhls","mCoordinator":"TBD","worship":"YouTube videos","cCoordinator":"TBD","cafeCoordinator":"Dano Colombo","mealCoordinator":"Joni Colombo","title":" 6. Action","notes":"just a test, it worked","children":0,"newcomers":1,"nursery":0,"youth":0,"groups":[{"_id":{"$oid":"5e61bbc31bef5400009b5000"},"title":"101","gender":"mixed","location":"main","facilitator":"Dano Colombo","cofacilitator":"Aleatha Thrush","attendance":"2","notes":"watched video"}]}
{"_id":{"$oid":"5e5cdcccc85f017dff5f32ed"},"facilitator":"Dano Colombo","__v":0,"attendance":5,"donations":0,"mealCount":0,"meetingDate":{"$date":"2020-03-23T23:59:59Z"},"meetingType":"Special","notes":" This week we just did some encouragement on Zoom. We played worship, Hosanna Poetry and Skit Guys","supportRole":"Dano Colombo","title":" Coronavirus Webcast","worship":"videos","cafeCoordinator":" ","mealCoordinator":" ","children":0,"newcomers":0,"nursery":0,"youth":0}
{"_id":{"$oid":"5e6056acdc6f09247b0800c5"},"facilitator":"Dano Colombo","__v":0,"attendance":32,"cafeCoordinator":"Dano Colombo","donations":0,"meal":"spaghetti","mealCoordinator":"Joni Colombo","mealCount":15,"meetingDate":{"$date":"2019-11-18T00:00:00Z"},"meetingType":"Testimony","title":" Video: Mary (not Owen)","worship":"videos","children":0,"newcomers":0,"nursery":0,"youth":0}
{"_id":{"$oid":"5ea01dc1eb28120342ef2b9d"},"facilitator":"Dano Colombo","__v":0,"attendance":0,"cafeCoordinator":"TBD","children":0,"donations":0,"mealCoordinator":"TBD","mealCount":0,"meetingDate":{"$date":"2020-04-20T00:00:00Z"},"meetingType":"Special","newcomers":0,"notes":"","nursery":0,"supportRole":"","title":" We did Facebook live encouragement","youth":0}
{"_id":{"$oid":"5e605460dc6f09247b07a531"},"facilitator":"Dano Colombo","__v":0,"attendance":40,"cafeCoordinator":"Dano Colombo","donations":0,"meal":"Chicken pasta, rice & casserole","mealCoordinator":"Dano Colombo","mealCount":25,"meetingDate":{"$date":"2019-12-16T00:00:00Z"},"meetingType":"Testimony","notes":"1 newcomer","title":" Video: Julie","worship":"videos","children":0,"newcomers":1,"nursery":0,"youth":0}
{"_id":{"$oid":"5ea01da0eb28120342ef2673"},"facilitator":"Dano Colombo","__v":0,"attendance":0,"cafeCoordinator":"TBD","children":0,"donations":0,"mealCoordinator":"TBD","mealCount":0,"meetingDate":{"$date":"2020-04-13T00:00:00Z"},"meetingType":"Special","newcomers":0,"notes":"","nursery":0,"supportRole":"","title":" We did Facebook live encouragement","youth":0}
{"_id":{"$oid":"5e6bf47edc6f09247b5afca8"},"facilitator":"Dano Colombo","__v":0,"attendance":0,"cafeCoordinator":"TBD","children":0,"donations":0,"mealCoordinator":"TBD","mealCount":0,"meetingDate":{"$date":"2020-03-16T00:00:00Z"},"meetingType":"Special","newcomers":0,"notes":"","nursery":0,"supportRole":"","title":" corona virus suspension","youth":0,"groups":[{"id":{"$oid":"5e6e08355c43aa0000f785ff"},"title":"Grief & Fear","attendance":"7","gender":"mixed","location":"parking lot","facilitator":"Dave Bell","cofacilitator":"Lenora Uhls","notes":"everyone has to go somewhere"}]}
{"_id":{"$oid":"5e67f4b6dc6f09247b5957be"},"facilitator":"Dano Colombo","__v":0,"attendance":0,"cafeCoordinator":"TBD","children":0,"donations":0,"mealCoordinator":"TBD","mealCount":0,"meetingDate":{"$date":"2020-05-08T00:00:00Z"},"meetingType":"Lesson","newcomers":0,"nursery":0,"supportRole":"Rob Diquattro","title":" 8. Moral","worship":"videos","youth":0,"notes":""}
{"_id":{"$oid":"5e6aedbbdc6f09247b12e1ad"},"facilitator":"Dano Colombo","__v":0,"attendance":0,"cafeCoordinator":"TBD","children":0,"donations":0,"mealCoordinator":"TBD","mealCount":0,"meetingDate":{"$date":"2020-05-25T00:00:00Z"},"meetingType":"Lesson","newcomers":0,"notes":"","nursery":0,"supportRole":"Aleatha Thrush","title":" 12. Confess","youth":0}
