{
  "posts": [
    {
      "_id": {
        "$oid": "5ec4f9a7a5e3a30728e9a218"
      },
      "text": "Just a post",
      "name": "Missy Turner",
      "avatar": "//www.gravatar.com/avatar/4aa91d395cdf3d63222596e79765200d?s=200&r=pg&d=mm",
      "user": {
        "$oid": "5eaf71cea98b361095292477"
      },
      "likes": [
        {
          "_id": {
            "$oid": "5ee50e422758370bf3ac4049"
          },
          "user": {
            "$oid": "5e41d13e0df89d2baa231572"
          }
        }
      ],
      "comments": [],
      "date": {
        "$date": "2020-05-20T09:34:31.781Z"
      },
      "__v": 3
    },
    {
      "_id": {
        "$oid": "5ede242c69436b0a50c19381"
      },
      "text": "Monday, monday",
      "name": "Dano Colombo",
      "avatar": "//www.gravatar.com/avatar/9bbc5e357c6e9187cc7679d009a194b9?s=200&r=pg&d=mm",
      "user": {
        "$oid": "5e41d13e0df89d2baa231572"
      },
      "likes": [],
      "comments": [
        {
          "_id": {
            "$oid": "5ef7393abddccf096c53bfbb"
          },
          "text": "and more testing",
          "name": "Dano Colombo",
          "avatar": "//www.gravatar.com/avatar/9bbc5e357c6e9187cc7679d009a194b9?s=200&r=pg&d=mm",
          "user": {
            "$oid": "5e41d13e0df89d2baa231572"
          },
          "date": {
            "$date": "2020-06-27T12:19:06.503Z"
          }
        },
        {
          "date": {
            "$date": "2020-06-27T12:18:58.604Z"
          },
          "_id": {
            "$oid": "5ef73932bddccf096c53bfba"
          },
          "text": "more testing",
          "name": "Dano Colombo",
          "avatar": "//www.gravatar.com/avatar/9bbc5e357c6e9187cc7679d009a194b9?s=200&r=pg&d=mm",
          "user": {
            "$oid": "5e41d13e0df89d2baa231572"
          }
        }
      ],
      "date": {
        "$date": "2020-06-08T11:42:36.493Z"
      },
      "__v": 2
    },
    {
      "_id": {
        "$oid": "5ee17e7fcd624f0c95d55d83"
      },
      "text": "Today's test",
      "name": "Dano Colombo",
      "avatar": "//www.gravatar.com/avatar/9bbc5e357c6e9187cc7679d009a194b9?s=200&r=pg&d=mm",
      "user": {
        "$oid": "5e41d13e0df89d2baa231572"
      },
      "likes": [
        {
          "_id": {
            "$oid": "5ee50e392758370bf3ac4048"
          },
          "user": {
            "$oid": "5e41d13e0df89d2baa231572"
          }
        }
      ],
      "comments": [],
      "date": {
        "$date": "2020-06-11T00:44:47.973Z"
      },
      "__v": 5
    }
  ]
}