{"Meetings":[
{"_id":{"$oid":"6164b6fa2978bcea3007acb8"},"facilitator":"Dano","__v":0,"announcementsContact":"","attendance":0,"avContact":"","cafeCoordinator":"TBD","cafeCount":"0","children":0,"childrenContact":"","cleanupContact":"","closingContact":"","donations":0,"greeterContact1":"","greeterContact2":"","meal":"","mealCnt":0,"mealCoordinator":"TBD","meetingDate":{"$date":"2021-10-18T00:00:00Z"},"meetingType":"Testimony","newcomers":0,"notes":"","nursery":0,"nurseryContact":"","resourceContact":"","securityContact":"","setupContact":"","supportRole":"","tenantId":"meeting-wbc","title":" TBD","transportationContact":"","transportationCount":0,"worship":"","youth":0,"youthContact":""},
{"_id":{"$oid":"6164b7322978bcea3007c1bd"},"facilitator":"Dano","__v":0,"announcementsContact":"","attendance":0,"avContact":"","cafeCoordinator":"TBD","cafeCount":"0","children":0,"childrenContact":"","cleanupContact":"","closingContact":"","donations":0,"greeterContact1":"","greeterContact2":"","meal":"","mealCnt":0,"mealCoordinator":"TBD","meetingDate":{"$date":"2021-10-25T00:00:00Z"},"meetingType":"Lesson","newcomers":0,"notes":"","nursery":0,"nurseryContact":"","resourceContact":"","securityContact":"","setupContact":"","supportRole":"Dano","tenantId":"meeting-wbc","title":" 21 Relapse","transportationContact":"","transportationCount":0,"worship":"","youth":0,"youthContact":""},
{"_id":{"$oid":"6164b9302978bcea30088af6"},"facilitator":"Dano","__v":0,"announcementsContact":"","attendance":0,"avContact":"","cafeCoordinator":"TBD","cafeCount":"0","children":0,"childrenContact":"","cleanupContact":"","closingContact":"","donations":0,"greeterContact1":"","greeterContact2":"","meal":"","mealCnt":0,"mealCoordinator":"TBD","meetingDate":{"$date":"2021-11-01T00:00:00Z"},"meetingType":"Testimony","newcomers":0,"notes":"","nursery":0,"nurseryContact":"","resourceContact":"","securityContact":"","setupContact":"","supportRole":"","tenantId":"meeting-wbc","title":" Chris Iaconis ","transportationContact":"","transportationCount":0,"worship":"Videos","youth":0,"youthContact":""},
{"_id":{"$oid":"616627872978bcea30a01ac9"},"facilitator":"Dano","__v":0,"announcementsContact":"","attendance":0,"avContact":"","cafeCoordinator":"TBD","cafeCount":"0","children":0,"childrenContact":"","cleanupContact":"","closingContact":"","donations":0,"greeterContact1":"","greeterContact2":"","meal":"","mealCnt":0,"mealCoordinator":"TBD","meetingDate":{"$date":"2021-11-15T00:00:00Z"},"meetingType":"Testimony","newcomers":0,"notes":"","nursery":0,"nurseryContact":"","resourceContact":"","securityContact":"","setupContact":"","supportRole":"","tenantId":"meeting-wbc","title":" Chrissy","transportationContact":"","transportationCount":0,"worship":"","youth":0,"youthContact":""},
{"_id":{"$oid":"616627cf2978bcea30a0354f"},"facilitator":"Dano","__v":0,"announcementsContact":"","attendance":0,"avContact":"","cafeCoordinator":"TBD","cafeCount":"0","children":0,"childrenContact":"","cleanupContact":"","closingContact":"","donations":0,"greeterContact1":"","greeterContact2":"","meal":"","mealCnt":0,"mealCoordinator":"TBD","meetingDate":{"$date":"2021-11-29T00:00:00Z"},"meetingType":"Testimony","newcomers":0,"notes":"","nursery":0,"nurseryContact":"","resourceContact":"","securityContact":"","setupContact":"","supportRole":"","tenantId":"meeting-wbc","title":" TBD","transportationContact":"","transportationCount":0,"worship":"","youth":0,"youthContact":""}
]}